at,userName,score,content,sentiment_polarity,sentiment
2024-02-05 02:38:53,Qowwi Fuadi Rohman,3,Give me a dark mode,-0.15,negatif
2024-02-04 10:36:26,smx klasik purwokerto,1,"Tolol banget akun keblokir sementara udah cara ini itu habis pulsa banyak eh malah disuruh nginget nginget jam, hari terakhir transaksi bego amat seabank duh jelas pake bank BCA gampang, ga ribet uang kita ga hilang",-0.3,negatif
2024-02-04 08:19:28,Ruccy Petruccy,5,"alhamdulilah ada seabank,bisa jadi back-up an disaat yg lain down..",-0.15555555555555559,negatif
2024-01-27 03:23:10,Nadiya Hemalia,1,Malas lahh bad mood sama apk ini.. ga bisa di gunakan karena karena belum di perbaharui. Padahal udh diperbaharui!!!!! Bahkan sampe hapus dan download ulang tapi tetap ga bisa top up.....,-0.25,negatif
2024-01-26 10:36:11,Dodi Permana,5,Bagus Sekali Game Nya,-0.4,negatif
2024-01-23 16:34:08,Kiki Rizky Ananda Amirullah,5,Sekarang sering error :(,-0.75,negatif
2024-01-23 08:07:28,agung arrahman,2,"semakin ke sini semakin lemot aplikasi nya, transaksi sering gagal, loading terlalu lama, saran saya aplikasi nya di buat ringan dan jangan sering trouble",-0.2,negatif
2024-01-14 14:30:55,Bramono aji Prasetyo,1,"Aplikasi paling sampah, akun saya dan akun ibuk saya diblokir dengan alasan verifikasi tidak sesuai. Nelpon call center kaya dibuat ngemis. Aplikasi yg malah nambah masalah, saldo yang lumayan mau dipake untuk emergency ga bisa di apa apain",-0.1,negatif
2024-01-09 12:36:30,Sandi Ramadhan,1,"Aneh banget tiba-tiba di blokir.. minimal dipermudah lah. Jangan ribet-ribet, nunggu lama juga.. lapor ojk nih",-0.1,negatif
2024-01-09 08:02:29,Yustira Rosmala,1,"Sangattt sanggatt kecewa ,dana tidak kembali ,dan tf pembelian kuota data pun tidak masuk,ini kah cara kerja nya,sudah meminta bantuan call center pun hrus menunggu ,dri tagl 5 sampai tgl 9 ini tidak da jawaban,dan bukti transaksi pun di hilangkan dari riwayat transaksi ketika saya cek kembali selama 2 hari ini tidak membuka aplikasi nya, terimakasih atas pelayanan nya untuk kami org yg membutuhkan walopun hanya nominal kecil",-0.1,negatif
2024-01-07 11:00:53,Syarifah Ainikamilah,1,Gimana ya ini susah banget mulihin akun malah dibilang akun di blokir parah banget kalo gak bisa ngasih Kartu ATM minimal jangan nyusahin pas pemulihan kan kalo hp nya ilang jadi susah. Mohon banget ni pencerahannya udah di telpon cs malah gak nyambung.Bangs*t,-0.1,negatif
2024-01-06 03:30:51,Indah Pratiwi,1,"Salah pin harus k aplikasi sedangkan aplikasinya susah banget di download,telpon call center tp masih di tujukan k aplikasi. Padahal berharap dari call center bisa dapet solusi yang terbaik selain harus download,udah ribet dan bertele tele. Kalo aplikasi bisa di download trs ngapain juga telp call center,buang2 pulsa ja.",-0.1,negatif
2024-01-04 09:27:10,Desi Tri Utami,5,Udah gak bisa top up Gopay :(,-0.125,negatif
2023-12-30 05:22:56,Test Rick93,1,"Aplikasi sampah, CS slow respon",-0.30000000000000004,negatif
2023-12-30 04:59:55,T. Pertiwi,5,Dapatkan bonus 10.000 gunakan kode reff PTQQMX Minimal isi saldo cuma 50rb selama 3 hari untuk klaim bonus 10.000,-0.1,negatif
2023-12-29 14:51:36,Nancyta Willy,1,"Skrg gw kasih bintang 1, sorry to say.. tiba2 akun gw lu blokir min.. ga ada solusi sampe skrg.. jengkelin bgt.. mana msh ada saldo ratusan ribu",-0.5,negatif
2023-12-27 00:14:31,Djaya Ridho,5,wet cepet sekali buat transver,-0.1,negatif
2023-12-25 05:39:55,jhon visco (jho_vhi7),1,baru install ..pas dibaca komen bnyak negatif dan saldo orang diblokir.hubungi center juga ribet klau ada masalah. takut ah juga pakai apk ni.nanti duit sya hilang pula...apk parah juga ni..delete lagilah apknya...,-0.1,negatif
2023-12-25 03:50:22,Mulyadi Rizky,1,"Sanggaaaat buruk jangan down load,,apk maling kalau ada saldo nya pasti susah log in",-0.15555555555555559,negatif
2023-12-24 12:32:55,Leo Agustin,1,"Aplikasi sampah bnget , hati2 udah naruh saldo malah gak bisa login , giliran bisa login dimintain foto ktp , setelah foto ktp di bilang ktp sudah terdaftar, tlfn Call Center Jawabanya Di blokir sampai 3 bulan saya nungguin juga gk di buka2. Sampah banget. Bahaya kalau naruh Uang banyak2. Udah lah st bnget.",-0.1,negatif
2023-12-22 04:54:09,Wahyu Christian Christ,1,"Tidak ada call center online, Jadi kita telepon call center terbilang cukup mahal, cs nya juga telepon belat belit ngom nya... Jd cukup lama dn pulsa banyak habiss... Dan anehnya lagi akun di blokir seenaknya saja, Sudah di hbgi call center dan cs minta verterfikasi pemilik tpi ngom ny belat belit dn pulsa lmyn bnyk habiss... Tolong saya sebagai nasabah kecewa betul ???",-0.10000000000000002,negatif
2023-12-19 15:50:15,Lutfi Yaman,5,"Sangat membantu banget, apalagi kalo udah bisa sapet limit pinjaman duh wkwk",-0.3,negatif
2023-12-19 14:01:31,dovi dian,2,"Aku nginstal ini tergiur dapat uang 100rb jika uang di tahan selama 2 hari. Ternyata ketipu, saking semangatnya aku naruh uang. Eh.....aku cek setiap hari ternyata zooong g dapat apa-apa. Jangan gitu dong, itu namanya nggak amanah. Mudah mudahan tidak trouble kayak punya teman-teman",-0.2,negatif
2023-12-19 05:27:10,sutanto aks,5,sat set wat wet,-0.1,negatif
2023-12-15 12:01:46,fahmial fahmi,1,SERVER MINIMAL STABIL LAH TIAF MAU TF MEMUAT TERUS,-0.1,negatif
2023-12-14 18:38:31,Tasya Amelia,4,sekarang aku malah ga bisa login:( disuruh update sedangkan aplikasinya baru di update terus masalah jaringan VPN padahal aku ga ada pake jaringan lagi selain data seluler ga ada yg anehÂ² juga tapi tetap ga bisa login:(,-0.75,negatif
2023-12-11 17:32:26,Muhammad Ihsan,1,"Harbolnas kok down, payah banget",-0.15555555555555559,negatif
2023-12-11 17:22:26,Fahrur Roji,1,"worst (bug) at important moment, menyebalkan",-0.3,negatif
2023-12-09 17:26:14,Kunaepi Sidik (acep),1,"Uang Ibu Saya Sebesar 3.750.000 Belum Bisa Diambil Dikarenakan Rekening Terblokir. Karena Salah Verifikasi Muka Saat Akan Transfer Ke Rekening Saya. Gak Ada Fitur Tarik Uang Di Atm Maka Otomatis Harus TF dulu dong Ke Rekening Lain. Setelah Diblokir Disuruh Nunggu 3 Jam. Terus Disuruh Verikasi Data Udah Sesuau Disuruh Telpon CS, Udah Telpon Terus Disuruh Nunggu 3 Hari. Bank Paling Bad Experience Baru Mau Pake Padahal!",-0.8749999999999998,negatif
2023-12-09 14:37:58,Jumii Adp,1,"Sudah verifikasi wajah, tetapi gagal terus. Sedangkan kn sudah hub ke call center tidak ada solusinya. Buang buang pulsa saja. Kalau komplain harus tlp call center itu sangat ribetin customer. Bagai mana ini di akun saya masih ada saldo !!!",-0.14765625,negatif
2023-12-08 00:13:28,Machalatte Hijau,1,dapet notif dari shoppe katanya daftar seabank dapet saldo 120k. boro2 120k 100 rupiah pun gak ada masuk. minimal jangan pake cara nipu denyan iming2 saldo awal lah kalo mau narik nasabah. miris,-0.1,negatif
2023-12-04 23:31:38,Bagus Sura,1,"gimana yaa min, saya mau bayar tapi update sekarang pakai verifikasi wajah dn aplikasi tidak mau menampilkan gambar saya, pada layar kamera bilang ""izinkan untuk mengakses kamera"" dn closed ke halaman sebelumnya, bgtu terus, jdi gabisa bayar, . tolong bantu min.. 5star saya hold dulu, rekening gabisa buat bayar..",-0.1,negatif
2023-12-01 23:25:56,Dian Andika,5,"Other system busy, please try later Maksudnya apa ya Saya mau pembayaran malah ga bisa masuk melalui face recognition",-0.008333333333333331,negatif
2023-12-01 15:04:25,Ade Ihsanudin,1,"Akun baru daftar udah diblokir. Mana ada saldonya lagi. Telepon CS udah berkali tapi obrolan gak pernah tuntas suka putus ditengah jalan. Mohon buka lagi akun saya, min. :((",-0.75,negatif
2023-11-26 03:26:29,Ainaul Mardiyah,1,"Awal awal oke, lama lama gabisa login padahal ada saldo lumayan tuh mau buat bayar spaylater.. duh pusing , tlf cs blm selesai ngobrol udah keputus",-0.3,negatif
2023-11-25 22:19:04,Bahrun Setiawan,1,"SAYA MELAKUKAN TRANSAKSI UANG/TRANSFER KE BANK BCA SUDAH 2 HARI TIDAK ADA UANG MASUK KE REKENING BCA SAYA. SUDAH BERKALI KALI PENGADUAN TIDAK ADA JAWABAN. TOLONG DONG RESPONNYA. ITU UANG SETORAN. NOMINAL TIDAK TERLALU BESAR, TAPI SLOW RESPON KETIKA ADA PENGADUAN. MENGECEWAKAN!",-0.37500000000000006,negatif
2023-11-23 05:41:38,Dhika Nutasya,1,bad,-0.6999999999999998,negatif
2023-11-22 00:18:04,IHZA BASNA,1,"Sering closed, mana nomornya ketinggalan dirumahğŸ¥²ğŸ˜…",-0.1,negatif
2023-11-20 06:30:19,Azmi Maliki,2,"tolong jika memang ada gangguan dalam proses transfer lebih baik di closed saja, history transfer tidak ada, saldo saya terpotong dan di rekening tujuan belum masuk, tolong sistem perbankan nya di perbaiki lagi!",-0.125,negatif
2023-11-19 06:46:34,yowla,5,"yang mau coba buat akun seabank yuk masukin kode referal aku: YSAJGS dapatkan bonus saldo 10 rb. syaratnya kamu harus menabung minimal 50rb tanpa mengurangi saldonya selama 3 hari, bonus saldo akan masuk 48 jam setelahnyağŸ˜„",-0.1,negatif
2023-11-18 09:38:27,muhammad rizki,1,"SAYA SUDAH HABIS PULSA RATUSAN RIBU HANYA UNTUK CALL CENTRE YANG TIDAK ADA HASIL, INI GIMANA ? NASABAH DITANYA PE RANGKAT SAMPAI TRANSAKSI TERAKHIR YA MANA INGAT .. DIMANA MANA ORANG TANYA NAMA IBU KANDUNH DLL KALAU TRANSAKSI ATAU MINIMAL KASIH FORM DIGITAL UNTUK LUPA AKUN. KACAU SEA BANK, DIBENAHI LAGI KALAU PENGEN LEBIH BAGUS",-0.05,negatif
2023-11-16 06:27:21,Aditya setia,5,"gampang di akses, dan fitur nya banyak, minus belum ada kartu debit fisik saja",-0.1,negatif
2023-11-16 00:19:54,Ahmad Gufron,1,"Gila ya SEABANK , SEMINGGUAN LEBIH GA BISA LOGIN KATANYA PROVIDER SMARTFREN PERBAIKAN , PADAHAL NOMORNYA ITU AKTIF BISA BUAT INTERNET LANCAR PULA ... MASOH TTP GA MASUK OTP NYA , MANA GA ADA OTP VIA EMAIL ... DI KOMPLAIN SAMA AJA GA ADA SOLUSI , KALO TLP CALL CENTER GA ADA FITUR LIVE CHAT DI APLIKASI , NYUSAHIN BANGET KECEWA PAKAI SEABANK KALI INI ... NNT TLP CALL CENTER VIA PULSA BIADA , KALO DH BISA MO TUTUP AKUN AJA",-0.02121212121212122,negatif
2023-11-13 13:54:10,novi yanti,1,"Gimana sih katanya ada cb 10k, setelah menggunakan barcode minimal 50k tapi udah 3 hari ga nambah2",-0.1,negatif
2023-11-12 15:17:55,Ashmani Nafa,5,transfer ke bank gratis dan tidak ada minimal saldo,-0.1,negatif
2023-11-12 02:01:20,Hafizh Dannur Hafshah,3,Overall UI aplikasi sudah bagus dan mudah. Hanya saja minus fitur kartu debit fisik yang belum ada. Saran kedepannya untuk diadakan kartu debit fisik Visa/Mastercard dan bisa digunakan untuk tarik tunai di seluruh ATM bersama di Indonesia.,-0.05,negatif
2023-11-10 11:21:00,Dapur Pizzakoe,5,Kenapa seabank tidak bisa dibuka dari HP saya kak. Kenapa saya diblokir kak. Saya disuru telp call center pusat. Saya ogah telp karna telp nya tidak lewat whatsapp. Lewat interokal. Tolong dipandu kak saya pakai seabank untuk transaksi tranfer. Siapa yg ganti akun nomer HP saya di HP orang lain.,-0.1,negatif
2023-11-10 06:31:37,desi anandaas,1,bad service handle satu kendala hampir 1 minggu tidak tuntas stuck disatu prosedur prosedur yg diberikan cs berbelit belit sistem telfon sangat buruk selalu terputus dan harus diamuk dulu baru prosesnya dipercepat! Uang dan waktu terbuang sia sia!,-1.0,negatif
2023-11-04 06:57:00,Abu Yahya,3,"Aplikasi bagus. Cuma untuk peningkatan harusnya untuk riwayat transaksi minimal 2kolom yaitu debit/kredit n sebelahnya saldo akhir tiap transaksi. Yg sekarang cuma 1kolom membingungkan krn kita harus ngitung sendiri. Kedepan diharap menampilkan 3kolom (seperti bank pd umumnya debit, kredit, saldo) atau minimal 2kolom (debit/kredit, saldo) trimakasih",-0.1,negatif
2023-11-01 14:54:38,Pak ErTe,1,Hoax penipu..katanya dapat reward 25rb selama menahan saldo minimal 50rb dalam rekening..ternyata sudah hampir 7hari gak ada saldo reward..hoax aja..dah hapus aja..gak berguna.. penipuan,-0.1,negatif
2023-10-28 05:13:18,Arif Rahman Hakim,1,"sorry, kecewa untuk bulan oktober ini, aplikasi sering susah dibuka, padahal sinyal aman, memori lega, tapi selalu ketika sudah memasukkan pin, ada notif untuk cek jaringan, aneh, mohon diperbaiki lagi ya!",-0.625,negatif
2023-10-23 12:06:18,Jesa Hailahi,1,"pemblokiran secepat di buka ,di call center pusat menunggu hari ini di buka hari ini gak bisa nunggu lagi , gimana sea bank gak jelas",-0.1,negatif
2023-10-23 09:43:13,Siti Masitoh,1,Nyesel bayar tagihan pake sea bank prosesnya lama cs slow respon ribet lagi verifikasi datanya kayak sesuai aja sama nanganin solusinya kapok ga lagi2 ğŸ‘ğŸ‘,-0.30000000000000004,negatif
2023-10-23 05:48:05,Evaretta Rahmadhani,1,"saya sudah mengajukan email terakir pemblokiran sementara akun saya terhitung dari tgl 21-23 oktober, saya kirim email sejak pukul 10-12.47 belum ada balasan, kecewa bgtt uangku ada disituu:(",-0.75,negatif
2023-10-18 12:07:57,Cermin Alam,1,"Ingin merasakan aplikasi banking paling slow daripada aplikasi bank lain??? Cobalah download seabank, bahkan dibanding shopee pun lebih lambat..",-0.30000000000000004,negatif
2023-10-07 23:55:26,mood daily,2,"dizaman secanggih sekarang masih belum ada fitur dark mode , menyakitkan mata lihatnya",-0.15,negatif
2023-10-07 03:35:34,Nurasiah Jamil,1,Uang suami saya tf tp belum ada masuk udh call center katanya nunggu 1x24 jam Setelah 1x24jam suruh nunggu 7x24 jam Halloo.. difikir transfer uang sedikit.. ğŸ˜­ Bener2 kecewa harus nunggu selama itu,-0.1,negatif
2023-10-06 04:55:15,Yunita Yunita,2,Kenapa sih akun punya saya dan orang tua saya tiba tiba di blokir mana prosesnya ribet :(,-0.75,negatif
2023-10-01 23:07:30,Anam_ story,3,Ketika hendak masuk aplikasi . Layanan ini diblokir sementara.. harap hubungi call center.. udah gitu aja trs .,-0.1,negatif
2023-09-30 16:16:27,Rahel al Hermansyah,1,Error gk bisa di buka mental trus,-0.1,negatif
2023-09-25 17:56:32,AL 01,5,"Ok,terima kasih setelah saya hubungi call center akun saya kembali.karena maraknya pembajakn/peretasan akun ini membahayakan sekali terutama semua mayotitas punya akun.bagus sekali jika verifikasi/ kode otp tidak bisa dikirimkan lewat email/ whatsapp data kita aman.whatsapp/email jadi incaran para peretas akun untuk verifikasi masuk akun lain,bank,platform,e-commerse,pinjol dll.waspada serangan cyber.",-0.1,negatif
2023-09-25 08:39:43,Exprezz celluler,1,Telfon ke call center ber Belit Belit udah Hb s pulsa 50.000.blm di angkat huuu,-0.1,negatif
2023-09-20 16:08:08,Nur Cahaya,1,sampe kapan seabank blokir akun gue..masalah cuma sistem keamanan akun..gara2 scan qiris senilai 20rbu perak aja di CICO QIRIS langsung diblokir...apa masalah nya..langsung main blokir sepihak...tanpa pemberitahuan..kan klo itu masalah..kan resiko nya tanggung sendiri..itu QRIS buat game online aja lho guys..gak ada masalah yg lain..maksud nya apa.!?gue scan QIRIS pake aplikasi lain biasa aja gak blokir2an..aneh..untung saldo gua sedikit kalo banyak..bisa berabe guys..kena blokir.sepihak..kejamm,-0.11666666666666668,negatif
2023-09-20 06:54:46,Adi Haryadi,4,"aplikasi perbankan yang sangat bagus,, 100x tranfer gratis perbulan, ayo gaess masukan kode: (UGGWMF),,. Untuk dapat Cuan selamat datang,, bonus,,. Mantaap lah",-0.75,negatif
2023-09-19 02:31:43,Roidah Nabilah,1,"apk taik, tibaÂ² terblokir. telpon call center abis pulsa 30k ngomong panjang lebar ga kelar juga masalah!",-0.125,negatif
2023-09-16 22:51:22,Nicolas Siahaan,5,Unbelievable,-0.25,negatif
2023-09-16 14:46:35,Andika Ramadhan,5,"mbanking terkerennn, daripada apk sebelah sering trouble, btw kalo ada kartunya asik nih",-0.2,negatif
2023-09-14 05:03:36,Arie N.A,1,Pelayanan cs sangat buruk ! Call center harus nunggu 5 menit lebih untuk bisa terhubung,-0.1,negatif
2023-09-13 11:54:58,Yunitha Family,5,Aplikasi bagus memudahkan nasabah tanpa kartu utk deposito jg lumayan suku bunga nya tinggi minus nya tdk ada bank nyata overall sih baik ya,-0.05,negatif
2023-09-13 01:28:04,KP- RIKA SULISTIAWATI,2,"Rekening saya terblokir ada saldo saya disana lumayan banyak, saya udh hubungi cs tp disuru nunggu 5 hari kalender sedangkan saya butuh uang itu secepatnya. Mohon lah diprosesnya lebih cepat jngn slow respon kaya gini. Itu akun saya jg tb"" bgt diblokirnya hadeh",-0.30000000000000004,negatif
2023-09-13 01:26:57,Sasa Arin,4,Saya ingin menutup akun seabank tapi sama cs nya malah suruh ganti nomor telepon. Sudah menghubungi cs melalui tlp sampai pulsa saya habis tapi tidak ada jawaban. Bad banget. Gak lagi deh pakai seabank. Tak biarin akun ku sampai diblokir sendiri terserah. Csnya hadepin customer berbelit-belit. Kurang sat set,-0.6999999999999998,negatif
2023-09-12 02:14:58,Aii Husnul,5,"Enak nya pakai seabank itu gratis admin kemanapun. Tapii, syg bgt kalo mau top up dana atau e-walet lainnya gaada nama nya:( next kalo bisa tambahin nama ke nomor tujuan nya yaa min",-0.08333333333333333,negatif
2023-09-11 09:12:11,A Nis,1,"She gak jelas,,, password saya sudah benar malah gak bisa,,, saya udah resetd trus di arahkan ke kontak call center she bank malah gak di angkat "" Gak jelas nih she bank",-0.1,negatif
2023-09-11 06:59:12,Rizky Akbar,1,"Emang bener transfer ke semua bank gratis tapi ini eror udah beberapa hari gabisa log in padahal mau transaksi uang ada yang di aplikasi jadi belum bisa di ambil,telfon call center seabank gak ada kelanjutan sama sekali,chat via email juga gak dibales! Nyesel Pake ni aplikasi bukanya bikin mudah malah bikin susah!ğŸ‘",-0.125,negatif
2023-09-11 06:26:27,neng cahyu,5,MasyaAllah alhamdulillah seabank sangat membantu proses banking q. Long life seabankğŸ˜ğŸ¥° lope lope deh,-0.05,negatif
2023-09-11 03:29:26,Dedeh Bahari,1,"tolong dong dari pihak seabank nya kok akun saya blom di buka blokiran nya udh di konfirmasi lewat chat dan lewat tlf call center nya data data sudah di verifikasi kok belom selesai , tapi kok masih ke blokir akun saya tolong kerja sama nya , di IG seabank juga sudah saya chat. tapi ngga di respond",-0.1,negatif
2023-09-01 08:08:59,Muhammad Yosa,5,"call center sangat ramah, bintang 5",-0.1,negatif
2023-08-31 10:50:18,gue gada obatnya,1,"ribet wooy kudu vc an dlu ama operator nya . duh, botoh si botoh operator nya cantik sekel. tapi ngapain vc langsung ketemuan ajh di cape biar semangat",-0.3,negatif
2023-08-28 06:00:15,Fahrida Azizah,1,"aku kesal juga apk sea bank , aku ga pernh download , tibatiba ada pin , aku buka lupa pin malah verifikasi wajah selalu gagal , telpon call center sea bank malah nyedot pulsa sya aja 4rb akhirnya hbs.",-0.1,negatif
2023-08-25 10:48:18,tazki nafsi,2,Kesel bgt lgi butuhÂ² nya uang. Tf dr seabank ke rekening tp malah gk msukÂ² telpon call center gajelas d cek lagi masih juga blum masuk. Mana klo lapor musti telp dulu hbis pulsaku buat telfon trus,-0.1,negatif
2023-08-25 04:49:15,Indaraa Astari,1,"Tiba tiba di blokir wkwkw, lawak lu gua udah pake dari lama juga bukannya makin bagus malah anjlokk pelayanan nya!! Laporan lewat dm ig, email, dm tiktok slow respon semuağŸ¤£ğŸ¤£",-0.30000000000000004,negatif
2023-08-24 16:34:08,Reinaldo Adriansyah,5,"Tampilan design UX/UIX saranya ditambahkan fitur dark mode buat mengurangi konstras mata, karna gak semuanya mata sehat melihat warna putih terus",-0.15,negatif
2023-08-21 14:31:51,Muslihudin,5,"Penggunaan mudah, tidak ada saldo minimal dan gratis transfer lumayan banyak,",-0.1,negatif
2023-08-21 13:32:27,77 Digital Studio,5,"Akun tiba2 di blokir .. mengatasinya harus via call center harus pake pulsa lgğŸ˜©...akhirnya karena ribet minta penghapusan akun ,eeh malah hrs via call center jg... parah ...harusnya bebas pulsa biar gampang....pilihan terakhir uninstal....sungguh sayang ...trims seabank atas segala manfaat yg diberikan jadilah yg terdepan mungkin cukup sampai disini perjalan kita...bintang 5 memang layak untukmuğŸ˜­ğŸ˜­ğŸ˜­",-0.1,negatif
2023-08-21 06:09:18,putra saliem,1,"Awal Buka Rekening SeaBank karena tergiur Cashback 100K di Aplikasi Shopee & Dana yang tertahan 500K (Saldo gw lebih dari 500K) minimal selama 3 hari. Baru buka Rekening Minggu Pagi, ternyata hari Senin Pagi udah dapat Notif jika ""Kuota Bonus 100K Sudah Habis"". Gw buka RekeningÂ² Bank lain semuanya Alhamdulillah gak kena BIG ZONK. Sekarang gw mau Tarik Saldo & Tutup Rekeningnya. Aplikasi ini cuma berguna klo kita belanja di Shopee...!!! Wkwkwkwkwkw....",-0.05,negatif
2023-08-19 20:33:52,Bilqis Chels,1,"Overall apknya delay, sy sudah coba untuk login berkali-kali tetap ga bisa masuk, padahal pw dkk benar. Kemudian sy coba kontak call center, tpi pernyataannya mutar-mutar. I don't think kalau bakal bertahan sii, byeee",-0.05,negatif
2023-08-14 14:49:11,santus domino manullang,4,"overall udh bagus, minus nya cuma 1...kadang2 saat mau transfer, apk nya ngak mau lanjut ke eksekusi kirim... seperti lemot atau berat gitu padahal sudah update aplikasinya",-0.05,negatif
2023-08-14 04:55:48,Mufrida Kurniawati,1,Saldo sya hilang hubungi call center mlh GK di respon SMA sekali,-0.1,negatif
2023-08-12 18:54:21,CTPP TV (GMP),1,"Tidak bisa buat rekening seabank dan kendala tidak di atasi hampir 2 tahun tetap ga bisa login parah , padahal d bank2 yg lain bisa Telpon ke call center tidak ada solusi sampai sekarang Tlpn berbayar malah habis pulsa 50rb",-0.1,negatif
2023-08-09 12:37:24,Ananda Norma,4,ga suka bngt makin kesini makin turun suku bunganya jdi ga bisa untung nabung di seabank balikin lgi suku bunga yg dulu min :(,-0.75,negatif
2023-08-09 12:27:33,mitra vivo,3,"Kenapa ya akhir akhir ini pas mau login selalu mental keluar dari apk nya, mohon diperbaiki lagi apknya",-0.1,negatif
2023-08-06 05:20:22,Nurul Fatimah,5,"Saya kecewa sekali dengan seabank ,saya telpon cs seabank berkali kali sangat slow katanya 24jam, bahkan masalah saya belum tuntas ,saya berkli nelfon ganti cs tapi sama aja tidak satupun masalah diselesaikan buang2 plsa saya abis plsa 100rb parah buang2 duit. Uang saya d seabank ketahan sumpah parah aplikasi ini.",-0.30000000000000004,negatif
2023-08-03 19:13:38,Arvia Hd,5,"SeaBank cocok banget kalo kita pake di setiap hari nya. Karna untuk transaksi apa punbebas dsri yang nama nya biyaya admin. Terus untuk fitur nya juga lengkap banget. Mau beli kebutuhan pinansial atau pun pembayaran lain nya sudah bisa di sini. Dan juga untuk pemdafataran nya pun sangat mudah dan cepat sekali refnya, 9 Y E A G J , dna juga banyak sekali promo bonus menguntung kan di sini. Setelah fi acc minimal punya saldo 50 ribu aja dalam 3 hari udah bisa dapet ke untungan juga di sini",-0.1,negatif
2023-07-30 17:13:28,Mukhlis Daud,5,"setelah memakai seabank beberapa bulan plus: tdk ada potongan admin, bisa dipake 24 jam, dan banyak fitur yg mudah dipahami minus: kadang suka blank page dan error yg mana saya harus sering reload beberapa kali untuk hal ini tolong diperbaiki",-0.05,negatif
2023-07-30 12:43:01,Stephanus Efhan,1,Kode OTP nya susah masuk.. kadang lancar..kadang susah.. lebih sering susahnya.. bikin ill feel aja..,-0.5,negatif
2023-07-29 15:41:20,Rizalul Fahmi,4,Sorry saya sudah gak respect sama sea bank. Padahal sudah lunas tagihan trs gak bisa connect lg ke akun shoope.terakhir saya pakai aplikasinya sdh saya hapus. Terima kasih untuk penggunaan sebelumnya aplikasinya bagus.cuma karna ada lambat pembyaran di shoope akun sea bank juga ikut kena block ğŸ™,-0.5,negatif
2023-07-28 02:05:13,alfiah Khairunnisa,5,gak nyesel pake seabank ... transfer kmn aja minimal 50rb gratissss tis tis tis... hanya saja belom bisa pake Qris ...,-0.1,negatif
2023-07-26 15:37:11,Yanita utami,1,"Sorry kukasih bintang 1, aku buka aplikasi kok malah terdapat gangguan jaringan sementara buka yg lain lancar bahkan buka shopee aja bisa.. gimana aku mo tf laa uang orang disitu??",-0.5,negatif
2023-07-26 06:12:23,Rina,1,Very slow!!!,-0.7617187500000001,negatif
2023-07-24 04:24:22,Layla Moba,4,M bankinh gak bisa dibuka. Duhhh,-0.5,negatif
2023-07-20 09:14:45,abah ganteng,1,udah ngajak temen 2 orang pake kode referal katanya di kasih bonus eh ternyata boong aduh duh duh duh,-0.3,negatif
2023-07-19 17:06:29,Ardhi Yana,5,"Joss sekali ni bank, gunakan Reff: 2ğ˜½ğ™Œğ™ğ˜¼ğ™” supaya dapat cashback 15.000(saat anda menabung minimal 100rb,apk ini sangat membantu buat para pengusaka UKM,cuma ahir2 ini sering update malah makin tdk stabil buka apk y susah, mohon di tinjau kembali",-0.1,negatif
2023-07-17 04:37:17,lokito adi winoto,5,"saldo minimal kecil, bunga harian tinggi",-0.1,negatif
2023-07-11 23:01:26,Nova Liana,5,Alhamdulillah pakai seabank lancar... tingkatkan terus ya pelayanan nya cuma d minus no ATM aja... sbnrnya klo ada ATM Lbh mudah .. tingkatkan juga fitur2 yg lain nya .. semoga membantu sukses selalu ...,-0.1,negatif
2023-07-11 05:47:11,Gustiawan 96,2,"Kurang memuaskan, saya daftar seabank untuk terhubung ke shope, tetapi pas bayar menggunakan seabank tidak bisa dengan keterangan BAD REQUEST (400), apa maksud nya ini",-0.6999999999999998,negatif
2023-07-04 08:00:59,Padri Dr,1,CUSTOMER SERVICE NYA SANGAT TIDAK MEMBANTU!! BAD RECOMENDED! PAYAH BANGET,-0.8749999999999998,negatif
2023-06-26 01:16:47,Triyuli Anggraeni,4,"msih bingung soal bunga,, kadang + kadang minus ğŸ˜",-0.1,negatif
2023-06-18 08:52:32,Hendro Susanto,1,"Game yang di main kan dan bekerja sama dengan aplikasi ini hoak tidak menghasilkan uang game nya, buat apa banyak bonus macem raga aplikasi lain tp hoak gak terbukti sama sekali.",-0.21111111111111114,negatif
2023-06-14 12:04:12,Mas Agil (Masagil),1,jangan pake ini guys cs slow respon banget daripada nyesel dikemudian hari,-0.30000000000000004,negatif
2023-06-13 15:36:15,Arga Gandika,2,"Lemot banget woi, ini lgi down atau gimana ? sangat menganggu",-0.15555555555555559,negatif
2023-06-13 03:26:08,Sahril Lilo,5,"Menurut aku bagus sih ini bank. Tapi ada jg dustanya. Katanya nasabah baru dpt bonus 100rb Sekalinya pas masuk, minta isi saldo minimal 500rb, sdh d isi 500rb eh harus nunggu 2x24jamğŸ¤¦â€â™‚ï¸, pas nunggu yg masuk cmn 55rupiahğŸ˜‚ğŸ¤£ bukan 55rb ya. Kemudian tertulis pinjaman bunga cmn 1,95% Pas mau pinjam ternyata bunga 3,95% Untung aja sy baca dgn teliti..",-0.1,negatif
2023-06-09 04:59:31,aisal 11,1,Berak iming iming. Fake,-0.5,negatif
2023-06-07 10:30:51,Sam Suri_94,1,SeaBank sekarang mengecewakan. Gak kepakai 1 bulan tapi apk masih terinstal sudah diblokir padahal gak pernah salah pin/password. Jadi saya kehilangan tabungan saya di seabank. Meskipun hanya 15k. setiap login gabisa harus hubungi call center SeaBank dulu. Sudah dihubungi tapi tidak ada tanggapan sama sekali. Saya merasa menyesal telah menggunakan apk SeaBank ini. Mending simpan di DANA atau sopeepay saja aman bisa digunakan diwaktu mendesak meskipun tidak pernah belanja.ğŸ¥²ğŸ¥²ğŸ¥²ğŸ˜«ğŸ˜«â˜¹ï¸ğŸ˜•ğŸ˜¡ğŸ˜¡,-0.1,negatif
2023-06-02 02:34:35,MDC MADCIL,1,Saya pengguna lama banget selalu transaksi dengan sea bank karena mudah. Tapi kemaren tanggal 1 juni akun tiba tiba tidak bisa login harus verifikasi muka dan berhasil malah di suruh telfon call center udah telfonan malah cuman tanya tanya aja. Udah 3 kali telfonan juga sama tanya tanya saja samapi pulsa habis. Cobo chat di gmail dan di Instagram juga sama di jawab pakai template yang di suruh telfon. Tolong lah akun saya. Disitu ada uang saya dan ini urgent banget tega bener,-0.1,negatif
2023-05-29 12:07:23,Nurleli Istighosah,5,"Alhamdulillah aman, semoga seterusnya aman tidak ada trouble yg serius. aaamiin... lebih tingkatkan lagi min..",-0.2,negatif
2023-05-27 00:42:27,Nisa Afira,1,"Kenapa hampir 1bulan tidak bisa login, padahal no.hp dan password sudah benar. Bahkan menghubungi call center juga tidak bisa",-0.1,negatif
2023-05-24 14:19:36,Laily vietria,1,"Maaf sblm nya,,saya kan ngg pernah pke aplikasi ini tp knp kok masuk slik saya yaa,,tlg dong jelasin,,trus saya harus konfirmasi kemana kalo ingin tau niminalnya.. Trus saya harus menghubungi lewat mana yaa,,apa call center seabank nya..",-0.1,negatif
2023-05-22 17:36:15,Pandu Utomo,5,Aplikasi sudah sangat mudah dan bagus. Hanya perlu ditambah dark mode saja,-0.15,negatif
2023-05-19 19:02:02,lutfian sutiyoso,5,kalo bisa tanpa minimal batas transfer jadi makin mantap,-0.1,negatif
2023-05-18 11:08:20,elvina hakim,1,"Pleaseee help!1!1!1! Ini seabank knp gbs login? Sistemnya sibuk mulu, yaAllah mau check-out:'(",-1.0,negatif
2023-05-13 14:59:31,Zildan Isrezki,4,Sedikit kecewa:(,-0.75,negatif
2023-05-11 05:45:55,Frendy,5,"Bank andalan,tapi bunganya sekarang cuma 4% huhu,UI simpel udah paling bener ga kebanyakan isi, cuma ada 1 saran dari saya yaitu tolong tambah dark mode dong",-0.15,negatif
2023-05-10 13:16:28,bella puspita,5,"Mantab banget , Udah dapet 100x tf gratis ,dan cepet pula buat transfer...masih lagi perhari dapet saldo tambahan, Minus nya gak bisa isi saldo atau tarik tunai di Alfa/indomaret",-0.1,negatif
2023-05-09 19:12:56,BD _Codot,1,Pengalaman pake sea bank. Lagi bayar pake qris akun di blokir. Dan di suruh telfon cs dan pulsa abis akun masih keblokir. Cuan kali telfonin call center mahal mahal. Akhirnya gua punya cita cita pengin nganjlokin saham sea bank.,-0.1,negatif
2023-05-09 04:35:58,Dija Anakaing,5,pelayanan terbaik nya custemer servis nya sangat past respon sangat memuaskan. saya sudah hilang hp dan kartu tapi bisa di bantu sama cs nya dan saldo saya bisa kembali lagi makasih seabank,-0.25,negatif
2023-05-09 01:51:23,vachmi seftyan,2,ini kenapa akun saya tiba2 di blokir padahal baru aja di transfer uang 5juta ke akun sebank mendadak ada pemberitahuan layanan ini tidak tersedia untuk kamu. silakan hubngi call center tetapi call center di hubungi nya susah,-0.1,negatif
2023-05-08 15:11:24,Setiawan Nugraha,1,SAYA SUDAH MASUK VERIFIKASI WAJAH UNTUK LOGIN AKUN DAN PAKE KTP SMA NOMER KTP TAPI KOO HARUS NELPON YAA SAMA UDAH NGELAPORIN KE GMAIL TIDAK DI RESPONT INI GIMNAA YA SEA BANKK MASA MINUS BANGETT??,-0.1,negatif
2023-05-01 08:43:34,Khilmi Sda,5,"tidak kena biaya kalo transfer ke bank lain, tiap hari dapat bunga, selama memakai seabank tidak pernah trouble",-0.2,negatif
2023-04-29 17:30:19,Nadien Octavialexa,3,"cukup membantu plus minus nya saya blm tau seperti apa ke depan nya,sementara bintang 3 dulu",-0.1,negatif
2023-04-27 18:26:38,Kayen Juwana,3,Bintang 5 nya nunggu bunganya naik aja deh aslinya rekomen bgt si apl ini tapi kok cepet amat ya turun bunganya pdhal bulan puasa kemarin masih 6-7% sekrang turun jadi 4% haduh kagetnya cepet banget turunya:(,-0.75,negatif
2023-04-23 14:31:16,Foreman Logistict,1,Jadi ga semangat nabung disini BUNGAnya turun parah di potong pajak :(,-0.75,negatif
2023-04-21 17:30:41,Wolf Gaming,4,"Bagus Sih Cuman Sayang Makin Lama Bunga Simpanannya Makin Turun, Minimal Kalau Gak Bisa Naik Stabilin Aja Bunga Hariannya",-0.1,negatif
2023-04-20 18:25:20,Feally Mahmud,4,DARK MODE PLEASE,-0.15,negatif
2023-04-19 11:46:15,Muhammad Robi,1,Parah trx gagal tapi duit ditahan 11 hari kerja. Sangat BAD SERVICEğŸ’©ğŸ’©ğŸ’©,-0.6999999999999998,negatif
2023-04-12 07:20:58,Adhitya Tri wibowo,5,tolong dong kak tambahkan fitur deposito jangka pendek 7 hari dengan minimal setoran 100.000 biar tidak kalah dengan bank digital sebelah. sukses selalu semoga bank digital seabank terus berkembang dan selalu lebih unggul dari bank digital lain,-0.025,negatif
2023-04-11 02:27:37,Thufiel16 Kocheng,5,"100x bebas biaya admin tf beda bank + ewallet (dana,gopay,dsb) per bulan tanpa minimal nominal ğŸ˜µ",-0.1,negatif
2023-04-10 00:48:06,Musdalifah Achmad. S,5,"Seabank sangat bagus... Yang mau dapat saldo langsung, Jangan lupa pakai kode ECCFE4 saat pertama buka rekening dan nabung minimal 100K",-0.1,negatif
2023-04-08 14:39:19,kang atiq_,2,Awal bunga 7% ini udah jd 5% besok udah mau 4% dih down teroooss,-0.15555555555555559,negatif
2023-04-06 13:35:39,Lulu Fatimah,3,"Cuma Kasih Saran Aja Siapa Tahu Di Terima. Saya Sebagai Nasabah Dari SeaBank, Tolong Di Perkecil Buat Modal Deposit Minimal 100k Jangan Terlalu Besar Buat Modal Deposit. Sekian & Terima Kasih",-0.1,negatif
2023-04-06 09:20:18,GLory HallelYah,1,Kok seperti di tipu ya belum juga deposito 7% selama 3 bln cair ini udah mau turun ke 6% bulan april ini :(,-0.75,negatif
2023-04-06 04:46:39,Ardian didza,1,Sudah verifikasi sekarang suruh verifikasi lagi malah gak bisa..saya hubungi call center gak ada kejelasan,-0.1,negatif
2023-04-05 15:21:45,Aaqillah Putri Valencia,1,"yang mau download seabank mikir mikir deh, akun tidak kenapa"" di block, telfon pihak call center di tutup sama call center nya, buruk banget penanganan nya, di block masih ada saldo nya saya ikhlasin buat pihak seabank",-0.1,negatif
2023-04-03 11:16:02,Zulfi Andrianto,5,"PT Bank Seabank Indonesia atau lebih dikenal dengan nama Seabank adalah lembaga keuangan di Indonesia. PT Bank Seabank Indonesia adalah lembaga keuangan digital milik Sea Group, perusahaan induk dari situs e-commerce Shopee dan penerbit game online Garena.",-0.2,negatif
2023-04-03 11:09:31,Resti Ubaid,1,Terlalu slow respon aplikasi nya..,-0.30000000000000004,negatif
2023-04-02 20:08:52,Agus Triwidayat,5,Sejauh ini untuk pembayaran shopee tidak ribet dan tanpa minimal saldo,-0.1,negatif
2023-04-02 01:48:09,Aris Wahyu,5,sangat membantu untuk berbagai macam payment di e-commerce atau transfer to other bank,-0.125,negatif
2023-04-01 21:15:41,Nuridin Raesha,1,"Lagi main game ada iklan buka rekening seabank, buka rekening katanya dpt cepe, setelah saya download ternyata fiktif ğŸ¤£ğŸ¤¦",-0.11666666666666668,negatif
2023-03-30 05:50:07,She Joe,1,Parah bangettt... Layanan sea bank.. Tidak bisa log in aja hrs nunggu 5 hari... Setelah 5 hari masih aja tidak ada progres...dan suruh nunggu 5 hari lagii.. Bad.. Bad... Bad...,-0.6999999999999998,negatif
2023-03-28 15:43:26,Taufiq Adi Oetomo,5,baru mencoba pakai sea bank transfer ke dana bisa minimal ke 10.000. mantap sea bankâ¤â¤â¤,-0.1,negatif
2023-03-27 15:21:06,mrifkym channel,5,semoga tidak pernah trouble,-0.2,negatif
2023-03-27 09:13:44,Ayunda Putri,1,Keadaan darurat gini mau dipakai tf malah down gabisa loginğŸ˜•,-0.15555555555555559,negatif
2023-03-24 12:09:35,Sawinselvia 0909,5,Terima kasih transaksinya lancar gancar. Info aja kalau pengaduan minta nomor call center,-0.1,negatif
2023-03-21 21:01:48,Edy Romadhon,5,nyyaman dan ga pernah trouble mntap,-0.2,negatif
2023-03-14 16:10:56,Pelly Gupax,1,"menabung di seabank, kenapa harus transfer ke seabank ??? seabank is bad !!!",-1.0,negatif
2023-03-13 12:03:42,ROBERTJavanto,1,"Minimal transfer bank 50.000, gak efektif bgt",-0.1,negatif
2023-03-11 01:56:51,silvia _official23,5,"Event seabank masukin refferal ""9FY9NC"" dapat saldo 10.000 minimal nabung 50k diamkan 3 hari lalu klaim bonus Cashback 10.000 saldo gratis",-0.1,negatif
2023-03-10 15:06:40,dr TAUFIK R ALKAFF SpOG,5,mudah digunakan. minimal biaya,-0.1,negatif
2023-03-10 07:17:04,Ailsa Nur Rahma,5,simple and like other e wallet,-0.0625,negatif
2023-03-06 06:11:53,Aiidara Nurlena,4,"Kaya gimana yaa susah nyaa pake banget buat ganti pin juga verifikasi udah kenapa harus pakai telepon call center dulu coba ,mending kalo langsung diangkat ini mah boro boro nunggu lamaa banget,mana duit nyangkut lagi di situ, gak recomend banget nih ,,",-0.1,negatif
2023-02-24 14:12:48,Kevin Lin,5,Yang mau dapat bonus saldo 10 ribu segera menabung di seabank dan masukkan kode referral : KVPAJK Jangan lupa masukkan kode referral : KVPAJK agar dapat bonus saldo 10 ribu dan syarat harus menabung minimal 50 ribu dan pertahankan selama 3 hari.,-0.1,negatif
2023-02-23 14:43:03,IR studio,1,isinya game rtx 5 kali ya.,-0.4,negatif
2023-02-17 23:37:56,Adela Lutfiyaa,3,Seabank knp kl transfer skrg lemot yaa :(,-0.75,negatif
2023-02-17 00:05:48,indriyana nancye,1,"Gak ada sebab akun saya di banet di suruh verifkasi data wajah dan wajib tlp ke call center, utk tlp aja hbs lah 100rb pulsa sementara akun harus menunggu 7 hari dana saya yg mau di pake ada di dalem rek. Matilah saya urusan kacau. Bener2 bank online gak bisa di percaya.. saran buat pengguna jangan lah terpancing iming2 bunga besar keblejok matilah kita Buat temen2 nasabah yg mengalami nasib yg smaa saya saya ayolah ini nama nya penipuan dan peraatan baik data maupun uang... Dan jg sedot pulsa",-0.1,negatif
2023-02-14 03:09:46,Chairil Anwar,1,"Sulit dalam veritifikasi dan akhirnya gagal. Dan harus hubungi ke cs , dimana csnya sangat slow repon",-0.30000000000000004,negatif
2023-02-13 05:46:58,Yosafat E. Manalor,1,Slow respon saat live chat pengaduan. Masalah tak terselesaikan,-0.08181818181818185,negatif
2023-02-09 09:53:21,Alfarizky Purwandika,1,Kecewa dengan pelayanan.saat aplikasi ini gak bisa di akses call center muter muter trs di suru nggu nggu gak jelas udh 20hari seabankku gak bisa di gunakan klok gak ada uang nya ya gak tak urus ini ada uang nya Lo di urus ribet .,-0.1,negatif
2023-02-08 19:11:56,Annisa Fajriningsih,1,"Udah tf uang tp ga sampe ke rekening tujuan, komplain ke cs gada solusi malah disuruh konfirmasi sendiri ke penerima udah terima uangnya atau belom. Sebelumnya ga pernah loh kecewa kaya gini pake seabank, tapi skrg pelayanannya bad banget. Ga lagi make seabank, biarpun uang ga seberapa tapi itu penting buat saya!",-0.8749999999999998,negatif
2023-02-08 01:42:25,Zaki,1,bad service.,-0.6999999999999998,negatif
2023-01-13 02:41:34,Leviledrey,5,Duh terlalu mantap bank ini,-0.3,negatif
2023-01-11 04:54:08,Ilma Rafidah,5,Sebaiknya nominal minimal transfer diturunkan tapi seabank sejauh ini performa nya cukup bagus,-0.1,negatif
2023-01-05 17:30:18,Andira Hei Hei,1,"Yang komen bagus pasti orang yang kerja di sana supaya naikin rating aplikasi. Jangan tergiur bunga gede .. kalo di butuhin cepat buat transfer lama nya bukan maen. CS juga ga jelas jawabannya malah di alihin email suruh tunggu 7 hari kerja keburu hangus tuh yang nunggu duit transferan, di tanya ga jelas jawabannya berapa lama harus nunggu prosesnya ga di jawab di batalin juga ga bisa. Bad banget.",-0.6999999999999998,negatif
2023-01-04 02:07:21,rezza rezty,5,"asiiikk bisa transfer kemana aja gratis dan bebas admn bulanan,semoga long last promonya ya min...hehehe",-0.025,negatif
2022-12-29 09:14:30,FF Hazn`T,1,"Admin slow respon, saya mengajukan keluhan tidak segera di proses nunggu lama tapi belum di kerjakan juga",-0.30000000000000004,negatif
2022-12-21 06:13:24,WarHim Kids,1,No Good CS..,-0.35,negatif
2022-12-21 00:08:59,Dara Putri,1,JANGAN DONWLOAD APK ANJ INI SETIAP MAU MASUK HARUS HUBUNGI CALL CENTER TERUSSSS BKIN HABIS PULSA EMG SIALAN APK BGST,-0.1,negatif
2022-12-10 05:42:44,loca maria,2,"Monitor iklan nya sih, tertarik seperti syurga ditelinga, upload hanya 3menit, langsung dpt 200 Ribu. Eeh realita nya hrs transaksi invest saldo rekening dulu minimal 1juta 500 ribu. Ksh bintang 2aja. Jika perlu uninstall aza, ga da gunanya...uhuy.....",-0.1,negatif
2022-12-10 00:06:31,Mecca Fathur Rozak,5,"Kok bisa sih kejadian2 buruk gitu? ğŸ¤” gw pikir itu usernya yang lalai / kurang teliti.. tapi nyalahin apknya ğŸ¤­ soalnya gw selama pakai seabank lancar2 saja, tidak pernah mengalami trouble, tidak pernah pending, apalagi sampai nyangkut.",-0.2,negatif
2022-12-08 11:32:18,Wifi Natria,5,"disaat yang lain pake kuota minimal gratis admin,ada seabank penyelamat karna gratis admin transfer 100 x kemanapun.Terimakasih",-0.1,negatif
2022-12-08 10:07:42,Budi Dewe,5,"tambahin fitur pembayaran pakai Qris, dan minimal deposito 100.000 aja..",-0.1,negatif
2022-12-06 08:14:20,BW,1,Not Good,-0.35,negatif
2022-12-04 15:40:46,Wahidin faishal aziz Faish,1,saya limit tranfer 100x dan rata2 transfer 100jt perbulan knp q gk dpt cuan seabank :(,-0.75,negatif
2022-12-03 06:00:32,Faeyza Hasby,5,tidak ada minimal saldo jdi tidak ada salfo mengendap.. dan memudahkan bertransaksi tanpa biaya admin. tq,-0.1,negatif
2022-12-01 15:15:11,Maxim Bike,4,"Kwalitas...... aplikasi terbilang cukup bagus banyak menu menu yg bermanfaat bagi nasabah,,,,satu game bisa menjadi hiburan dii saat buka aplikasi sea bank dan bisa berbelanja online dengan mendapatkan reward berbagai macam jenis hadiah buat aku pengguna baru recommended dahhh,, cocok untuk semua kalangan baik usia muda dan. dewasa... jangan lupa isi aja referensi yg ada di atas judul",-0.4,negatif
2022-11-30 12:12:05,What nime,4,mantap gratis tf ke e wallet is the base pokonya,-0.8,negatif
2022-11-27 09:20:28,Muhammad Fachrendi,3,Saat ini sgat disayangkan bunga hariannya turun menjadi 5% dan minimal deposito nya terlalu tinggi dibandingkan bank2 virtual lainnya.,-0.1,negatif
2022-11-23 04:46:33,dendy irawan,1,Kapan bonus saldo 100rb masuk ya seperti yg diiklan2 kan...tanya ke cs slow respon..,-0.30000000000000004,negatif
2022-11-18 10:26:20,Siti Aisyah,5,"selama pemakaian selalu aman dan tidak ada masalah ataupun kendala, cuma saran semoga disegerakan ada kartu debit:(",-0.75,negatif
2022-11-15 01:55:45,namikaze minato,4,"Bagus, update selanjutnya tambah QRIS agar permudah transfer dan pembelian tiket pesawat,kereta,kapal pembayaran pdam,pembelian diamond game",-0.4,negatif
2022-11-10 02:57:40,Arman S,1,"Bonus saldo 100rb yg dijanjikan, ternyata hanya trik buruk marketing. Utk apa janji2 bonus saldo kalo ternyata boongan? Bulan lalu buka rekening, saldo minimal 500rb sudah dipenuhi, saldo minimal 500rb sampe pkl 23.59 di hari pembukaan rekening jg sudah diikuti, disuruh nunggu sampe tgl 9 nov jg sdh di tunggu. Tapi sampe 10 nov jg gak ada. ğŸ˜‚ğŸ˜‚ğŸ˜‚ Marketingnya jelek, bukannya buat image baik, malah sebaliknya. Mungkin bukan hanya saya yg kena prank ğŸ˜‚",-0.1,negatif
2022-11-03 12:45:40,Dark Cloud,5,Mohon fitur dark mode,-0.15,negatif
2022-11-02 11:01:33,Pandu Wirawan,5,Bagus. Bunga harian mantap. aplikasi biometrik. selama ini belum ada trouble.,-0.2,negatif
2022-11-01 11:54:46,yeje,1,"Makin kesini makin kesana... Realtime kok berjamÂ² saldo nyangkut, dibatalin gabisa minta diproses ga diprosesÂ²! Kalo uang penting nyangkut lama gini yang ada bikin rugi! BAD SERVICE!",-0.8749999999999998,negatif
2022-10-29 12:59:24,Ihlasul Adha,1,Down,-0.15555555555555559,negatif
2022-10-25 08:01:30,widia_ widiikidiiw,5,"Aplikasi perbankan yg tergolong bagus dan sangat membantu dalam perihal transfer, buka rekening baru dengan mudah dan efektif. Minus di setor dan tarik tunai, semoga kedepannya bisa setor atau tarik tunai ya ğŸ˜Š . Over all sangat bagus dan baik. Terimakasih",-0.1,negatif
2022-10-20 08:03:48,hyuga hinaya,5,"Untuk UI / UX nya bagus, dan juga sistem nya bekerja deengan baik sekali, trus untuk mendaftar nya juga cuma 2 menit udah di acc. Dan juga kita bisa dapet ke unrungan 7% dari sini. Dan pertama juga bisa dapet ke untungan saldo lain nya. Dengan daftar pake ref nya ,, 5 7 P V 9 M ,, dan cuma dengan punya minimal saldo 50k saja loh. Bisa dapet berbagai macam ke untungan. Dan aplikasi nya yang pasti sudah jelas aman dan nyaman sekali. Karna terdaftar di OJK. dan lembaga lain nya",-0.1,negatif
2022-10-14 12:26:28,Wawan Beko,4,"Seabank memberikan banyak kemudahan dan ke untungan bagi kita psra pengguna nya. Dan juga banyak sekali promo bonus menguntung kan bagi kita para pengguna nya, gunakn juga untuk ref nya,, 9 Y E A G J ,, minimal punya saldo 50k aja dapet cuan gratis di sini. Jadi seabnak memang selalu jadi andala banget buat kita, daftar nya juga mudah dan cepet banget deh di sini, anti ribet. Beberapa menit aja udah di acc pendaftaran nya. Mantap",-0.1,negatif
2022-10-13 04:53:45,Ketel sstu 0 satu,5,"Untuk tampilan yang sederhans dan mudah di akses para pengguna. Sangat tinggi nilai untuk aplikasi digital seabank ini, karna memudah kan para pengguna mengatur ke uangan dan juga segala jebis transaksi setiap hari nya. Juga ke uangan kita selalu ter kontrol dengan baik. Suku bunga. Juga lumayan besar sekali di sini. Bisa dapet 7%/ hari nya. Dan juga untuk mendaftar nya gunakan referal [ 9YEAGJ ] trus kita minimal punya saldo 50 ribu aja udah bisa dapet cuan di sini. Memang paling OKE banget",-0.05,negatif
2022-10-12 05:49:14,Uji Aje,2,"Proses verifikasi pembukaan rekening nya lama Ampe skrng sya buka masi dalam proses aja , sya chat cs di sruh tunggu 5 hri kerja karna msih dalam proses pdahal tmn sya bkin g nyampe 10mnit selesai dan sya tanya kendala dan kaslahan sya Dimana kok bisa Ampe lama gni pdahal Lgi butuh bngt loh . Tlong dong pihak g bertanggung jawab di percepat proses nya minimal klo gabis terlalu cepat proses nya cek data sya ad kslahan ga.",-0.1,negatif
2022-10-10 02:42:40,Dwi Olipah,5,"mempermudahkan saya untuk berjualan topup game bisa transfer antar bank gratis bisa topup sewaktuÂ², terimakasihğŸ™",-0.4,negatif
2022-10-05 05:06:08,Rhaka Tirta Dwi Bangga,5,minimal deposit 100rb dong min,-0.1,negatif
2022-10-04 06:54:50,Java Angler,1,"Mulai sering trouble per tgl 3 Oktober ... Transaksi gagal uang tidak bisa di tarik atau di transfer.... Padahal biasanya lancar"" aja",-0.2,negatif
2022-09-30 13:33:10,Asep Pasundan,1,"Pas Verivikasi Video Ke shope Gagal Mulu, Kudu Ada Sim, Passport, KK, Skck. Jadi Gak bisa, Persyaratannya Ribet Amat Ah, Skip Aja Ni aplikasi Fake",-0.5,negatif
2022-09-23 23:30:09,Nisa Icha,5,"Mudah daftarnya , tp maaf pdhl sering baca buka akun seabank bakal dpt saldo gratis diawal tp ini knp engga yah? :( Kode reff saya yaa, terima kasih UXLZWV",-0.75,negatif
2022-09-23 16:44:36,novita putri,1,Sering trouble dan sudah konfirmasi ke CS by Chat di Appnya tapi tidak ad solusinya secepatnya. Tolong di perbaiki lagi pelayanannya dan Appnya,-0.2,negatif
2022-09-22 04:11:18,Dinda Papajelo,5,Aplikasi yg sangat bermanfaat buat transaksi sehari2 ataupun buat menabung. Sampai saat ini tidak ada trouble dari segi pengiriman hingga pembayaran tagihan. Tampilannya makin bagus dan mudah dipahami semenjak updatenya yang terbaru. Yang saya suka ada fitur group chat yang bisa saya gunakan bersama teman dan keluarga juga untuk komunikasi dan memberitahu bahwa transfer berhasil. Dan makin banyak bonus yang diberikan buat nasabah setianya. Dan akhirnya saya makin betah pakai ini aplikasi,-0.2,negatif
2022-09-20 12:47:05,Muhammad Rizal,2,Lupa pin orang minta ditolongin gak di bantuin biar cepat mau bikin rekening shopping center shopping foo belajar bayar cicil bulanan,-0.1,negatif
2022-09-19 23:51:21,Windy Pramitasari94,5,bagus sekali layanan e banking sejauh ini jarang trouble semoga saya bisa dapat undian hadiah dari seabank yah,-0.2,negatif
2022-09-18 04:28:13,Neysa Putri,1,Umur brapa minimal buka rekening,-0.1,negatif
2022-09-16 11:33:45,Muhammad Fazli,1,"Gagal login selalu ""layanan ini tidak tersedia untuk kamu"" harus verifikasi muka dan call service center itu memakan biaya! Login aja di persulit!.",-0.15625,negatif
2022-09-11 21:07:55,Salsya Nur Oktavia,1,Mau download kog nggak bisa:(,-0.75,negatif
2022-09-07 00:25:16,Devi Firyan,5,sejauh ini mantap. trf cepat jarang trouble,-0.2,negatif
2022-09-06 08:13:23,Tikaca Risam,5,"Aplikasi seabank ini sangat bagus aman untuk di gunakan, keren dan sangat berguna , mempunyai banyak kelebihan dan keuntungan mulai dari awal pendaftaran lngsung mndapatkan saldo , undang teman dapat uang, bebas biaya admin , bunga tabungan tinggi, catatan keuangan otomatis, terdapat event dan setoran awal minimal. Dan aplikasi ini sangat simpel dan sangat mudah dipahami .dan apabila ada keluhan / pertanyaan , Tim dari Neobank dengan cepat merespon dan melayani kita dengan baik",-0.1,negatif
2022-09-05 06:21:13,Farie Bintara,5,Ayo main game ini sangat memuaskan,-0.11666666666666668,negatif
2022-08-29 06:09:12,Ifada Hasibuan,5,"simple, praktis, gratis transfer antar bank, dan suka karena ga ada minimal saldo mengendap",-0.05,negatif
2022-08-25 22:23:37,irul Bungsu,4,"Klo harus deposit minimal 1 juta, menurut pekerja yang di bawah UMR keknya keberatan harus nunggu 1 juta baru bisa masukin ke deposit, ya menurut aku minimal deposit itu 100ribu aja kek di bank sebelah kan enak, jadi ringan untuk setorkan deposit nya, itu saran aku ajasih ğŸ™",-0.1,negatif
2022-08-24 12:31:20,Wish Im Shak,5,"Pakai seabank lebih untung, gratis admin transfer dan bulanan, bebas minimal saldo, deposito dengan bunga lebih tinggi. Ada juga promo dan diskon seperti potongan belanja, Cashback, dal lainnya. Untuk yang mau daftar, saat pembukaan rekening sangat mudah dan cepat, tidak perlu setoran awal rekening langsung aktif.",-0.1,negatif
2022-08-24 12:10:34,Krisna Satriaji,5,Apk terbaik kirim kirim enak ga pake ribet satset wat wet dabest emang,-0.1,negatif
2022-08-24 01:49:12,saaa saaa,1,"ga sopan banget spam pdhl tumben telat bayar cuma 2 ribu doang kaya nagih 1 mlyar aja , gmn mau bayar 2 ribu itu kan minimal 20 ribu aneh banget , mana biaya trlambatnya 15 ribu enak bngt uang haram",-0.1,negatif
2022-08-20 07:30:04,Ming24 Ok21,3,"Pembukaan Rekeningnya Cepat...Cuma Saat Mau Deposit Harus 1jt...Tidak Ada Minimal 10k...Dan TopUp Pulsa Tidak Ada Yg 1k,2k,3k,4k,5k,6k,7k,8k,9k dan 10k...Tolong Di Atasi Dan Di Tambahkan SEKARANGğŸ™",-0.1,negatif
2022-08-18 08:24:03,Asha Rizkia,1,"bad banget ,buat beli token listrik lamaaaaaaaaa parahh",-0.6999999999999998,negatif
2022-08-16 11:19:18,Tiara Tiara,5,"Bagus bangett.. pas pertama kali jdi pengguna dpt bonus 100rb, setelah itu selama bertransaksi beda2 bank gaada biaya admin dan pernah lupa pin langsung gercep hub call center.. pelayanannya cepat dan langsung beresğŸ¥°",-0.1,negatif
2022-08-13 16:22:21,Bagus Hendrawan,5,Sangat membantu minus tidak ada pinjaman modal usaha seperti bank lain itu saja,-0.1,negatif
2022-08-13 08:11:51,WATTON SENENK,1,Kecewa.. Kirim saldo ewalled tertahan gak kekirim.. Suruh nunggu 4 hari. N saldo di tahan.. Sorry kecewa saya,-0.5,negatif
2022-08-11 13:05:30,Akun Penjahat,1,UNTUK LAYANAN YANG DI BERIKAN OKE SEMUA PENGIRIMAN TANPA BIAYA ADA BUNGA 7% TAPI YANG DI SAYANG KAN KLO ADA TROUBLE CS NYA SLOW RESPON/BERTELEÂ² TANPA KASIH SOLUSI,-0.25,negatif
2022-08-07 10:47:49,Edwin tio,5,"Pengalaman ku kena spam telfon kalian keren lah pokoknya... jempol kaki lah... atau 5 milyar aja, aku trouble maker. 1 jam",-0.2,negatif
2022-08-05 07:35:31,MR Odbods,1,Ulasan 90% fake,-0.5,negatif
2022-07-31 17:29:04,KlÂ¡à¸¬à¹Í· ã‚‰Î›ã„—ã³ã§Ğ¯Î›,5,"Tidak ada minus,, cuma bukan hanya saya yang menunggu kehadiran kartu debit SeaBank.. semoga terwujud dan berdesign yg mantul.",-0.1,negatif
2022-07-25 00:50:39,hans mulyana,5,duh bunganyaaaa mantaaaaaap,-0.3,negatif
2022-07-24 19:40:34,Yunus Sentanu,5,di iphone setelah update tidak bisa log in tertera bad request,-0.6999999999999998,negatif
2022-07-24 16:09:08,CR TV,5,"Untuk Deposito 7% per tahun, tolong dong jangan minimal taruh uang nya 1 juta. Kasihan orang"" yang cuman punya uang dikit,",-0.1,negatif
2022-07-24 13:16:38,Muhammad Adnan Wijaya,1,"Saya kasih rating 1 dulu soalnya masalah yg saya alami belom terselesaikan ,dimana saya selalu mengalami ""transfer gagal/layanan tidak tersedia saat ini"" pdhl saya lg butuh saldo itu buat keluarga saya :'( saya cukup kecewa pdhl saya bru pakai 2 hari tp sudah tertimpa masalah kaya gtu :'( saya akan jdikan bintang 5 kalau masalah yg saya alami sudah beres dan bisa transfer lgi ,trimakasih",-1.0,negatif
2022-07-22 04:58:18,putri anjar sari,4,sangat senang menggunakan seabank karena bisa transfer tanpa minimal dan gratis biaya administrasi sayang nya seabank belum melayani pinjaman tunai,-0.1,negatif
2022-07-21 12:36:25,Nabilah Febria,1,"Hati hati deh simpan uang disini. Saya melakukan transaksi transfer 9jt, tetapi tidak masuk, sudah saya laporkan tetapi ga ada solusi dari customer service nya. Lalu saya coba lagi transfer 1jt, dan berhasil. Padahal nominalnya pum tidak melebih limit harian juga. Ini kenapa yang nyangkut transaksi dengan nominal besarnya. Lalu ga ada solusi dari customer service nya. Sangat mengecewakan banget.. Bank yang SANGAT tidak direkomendasi, ga bisa dipercaya. BAD",-0.6999999999999998,negatif
2022-07-20 14:55:50,Resdi Mila,5,Tidak bisa login di suruh hubungi call center tidak tahu apa masalah nya,-0.1,negatif
2022-07-20 02:04:08,I made Juliarta,5,"Mohon bantuannya min, untuk nabungnya di berikan insentif menarik, misal kupon diskon deposito, ataukupon cashback minimal deposito 1jt.",-0.1,negatif
2022-07-16 06:23:12,Arsyaka 165,5,bagus banget semoga gk pernah trouble ya aman sak lawase,-0.2,negatif
2022-07-15 05:42:51,Prasetyo Hadi,5,"ayo bunganya di bikin 7% lagi jangan di buat deposito.... kalau turun 6% harusnya ditambah ada layanan ATM tidak apa2 pengambilan ATM ada quota atau minimal saldo,yang penting di permudah.",-0.1,negatif
2022-07-13 23:46:34,Kodar mudrikah93,4,Gmna yh cranya kartu yg d gunakan hilang mau dptr hp lain gk bisa hrus pke otp ğŸ˜¢ mna da saldoan d sea bak :((,-0.75,negatif
2022-07-12 10:41:38,DAN EXPLORE,1,Sorry min setelah saya pelajari ternyata deposito itu riba..terpaksa saya hapus lg ğŸ™ğŸ™ğŸ¤,-0.5,negatif
2022-07-11 13:08:27,MHD ISKANDAR,5,Aplikasinya keren dan call center ramahğŸ‘ğŸ‘ğŸ˜ŠğŸ˜Š,-0.1,negatif
2022-07-11 08:28:32,aldian bagus pambudi,2,"Event bonus kagak jelas, alias fake",-0.5,negatif
2022-07-11 00:02:43,Sulton Shaw,1,"3bintang dulu, saya bakal naikin bintangnya klo betul dapat 110k saya ikut periode 16-30 juni penerimaan paling lambat 11 juli. Klo 11 juli saldo 110k tidak masuk saya kasih Bintang 1 + bad review di YouTube. Saldo bonusnya pengguna baru 100k tidak masuk selamat B1",-0.6999999999999998,negatif
2022-07-07 07:27:32,Yusuf Mobile,4,minimal deposit nya terlalu tinggi bagi kaum kebawah,-0.1,negatif
2022-07-05 19:04:23,Syaiful Anwar,5,The information of impossible Anouncment to diary of dead WARNING go to school is trouble?,-0.35555555555555557,negatif
2022-07-05 10:24:00,PRIBADOST,5,Gunakan kode reff : FMHWCE Saat pendaftarn agar dpt bonus dan jangan lupa utk depo minimal 100k,-0.1,negatif
2022-07-02 14:38:28,Nadya Pakpahan,1,Narik saldo gabisa katanya saldo ga cukup gilaa. Padahal saldo lebih dari yg mau di tarik. Cs di telfon slow respon 2 hari gdk ngabarin disuruh nunggu sampek tua.sedangkan orang butuh uang lain kali ngotak dong aplikasi nya. Saya mempercayai uang di aplikasi ini malah uang nya gabisa di ambil .embel embel akun nya dalam status khusu padhal gdk transaksi ilegal makek cuman nyimpan dan transfer .penipuan berkedok ecommerce .kapok saya makek seabank. Gabisa di percaya PENIPU HATI HATI,-0.30000000000000004,negatif
2022-07-01 08:31:26,CHANNEL CHANNELAN,5,Simple dan mudah. Serta gratis biaya admin transfer ke bank lain dengan minimal transfer 50.000. SeaBank kerennn... mantaap,-0.05,negatif
2022-06-26 00:25:02,dakwah 081573635913,5,"saya harap untuk transfer ke Wallet jangan dibatasi 100 transaksi per bulan, tapi minimal 500 ,,jadi transaksi kami terhambat dengan kebijakan tersebut",-0.1,negatif
2022-06-25 12:27:29,Deden Setiawan,1,Jujur Penipuan ni bank even bonus 100rbu Minimal nabung 500rbu tapi tidak dapat saldo 100rbunya Sungguh mengecewakan udah nungu di tangal 13 Juni sampe tangal 23 dan sampe sekarang belom dapat bonusnya PENIPUAN,-0.1,negatif
2022-06-25 04:14:48,Della Caesar,5,"seabank buka everyday, oke jrg jg eror cm tlg dijelasin keterangan yg saldo 7.5 lgsg potongan 20 persen dr bunga nya lebih transparan aja gt tq",-0.2,negatif
2022-06-24 04:31:37,septian yp,4,Mau daftar leeat shopee kok tulisannya bad request,-0.6999999999999998,negatif
2022-06-23 11:20:18,Ikin Yulianto,5,sayang sekali belum ada fasilitas pinjamannya :(,-0.75,negatif
2022-06-17 22:06:15,Alsya Riie,4,"Bagus apknya. Tapi harus nya ada game macem neobank, cari coin tuker saldo. Saran ajah. Kedepannya muga diadain.",-0.4,negatif
2022-06-17 10:08:50,ahmad mujahid,4,"Ane sebelumnya kurang yakin saat mulai coba coba apk ini pada tgl 20 november 2021 saya daftar tapi belum sempet pembukaan rekening soalnya belum verivikasi ktp dll , terus saya download ini apk tgl 11 april kemarin dan memantapkannya udah mendaftar dan membuka rekening serta verivikasi ktp, hingga berhasil dan pengikuti promo sebelum tgl 17 april yang dapat bonusan 100 rb,dan ternyata itu hanya berkedok aja, dan ane pun tnya ke service center dan all hasill dia menghindari topik terus & skip",-0.1,negatif
2022-06-14 14:14:23,Deni Prasetiyo,5,"Thank you, Sea Bank! Segala kemudahan transaksi ada di aplikasi dan jarang ada trouble. Keep it up!",-0.25,negatif
2022-06-14 08:59:56,Raf 212 RAF,5,"Baikkk sekali, bebas admin transfer ke smua bank tanpa minimal Trx",-0.1,negatif
2022-06-13 04:52:46,Budi Azral,5,Penanganan cepat masalah saldo belum masuk pokoknya saya suka sih langsung di telpon call center 1500130 mengenai dana nya sudah masuk terimakasih seabank,-0.1,negatif
2022-06-13 00:23:25,nasrudin aja,5,jarang sekali trouble. recommended ğŸ‘ğŸ‘ğŸ‘,-0.2,negatif
2022-05-30 05:55:45,Navy Patrianagara,5,Masukkan referral ini untuk mendapatkan bonusnya: (24CAHR),-0.75,negatif
2022-05-27 06:31:56,gina inces,1,Baru aja didownloalld dah kudu diupdate lg blm jg dipake/didaftarin:-(,-0.75,negatif
2022-05-23 03:51:11,Hatake Al Ayyubi,1,"Gak jelas banget beli kuota sudah ber jam jam masih diproses, padahal saldo sudah terpotong. chat cs nya malah disuruh nunggu 1x24 jam buat laporan maks nunggu 7 hari. kalo diproses terus minimal di refund lah nunggu terus nunggu terus",-0.1,negatif
2022-05-17 13:27:03,Dakwah Muslim Youtube,1,"Sorry, sangat lambat Masih lambat",-0.5,negatif
2022-05-16 22:14:46,asyla maharani,1,Duhhh loading nya ga nahan...gimana kalo terburu2 ada urusan....tolong dung diperbaiki..diupdate jadi lemot,-0.5,negatif
2022-05-15 23:35:27,Is Khan,3,"Semakin lama makin lelet. Udah hapus cachenya gak bisa. Padahal internet kenceng. Wifi kenceng. Tolong juga untuk transfer saldo ke Ewallet jangan dibatasi minimal 10.000, kalo bisa tanpa minimal dong seperti allobank,karena ada yang minta mau di transferkan 5000 malah gak bisa.",-0.1,negatif
2022-05-14 05:57:04,eni nata,1,"Transfer ke bank, Notifikasi dari seabank sudah berhasil, tapi uang ngga masuk, di chatt bilang nya baru hari Selasa nanti akan di proses, oh so so long time for waiting. transfer hari Sabtu baru akan di proses hari Selasa. Sangat mengecewakan.",-0.05,negatif
2022-05-11 20:03:22,Claywinz,2,Kok versi baru malah lemot ya untuk pembelian dan mau transfer bank... ... padahal sinyal keceng lohğŸ‘€ 15ms klo main main game... Knpa kok lemot banget ini tolong perbaiki lahğŸ™ğŸ™..kasian pengguna muğŸ™ğŸ™‚.. dah itu aja skian terimakasih ğŸ™,-0.022222222222222237,negatif
2022-05-11 19:43:05,Nurfiah Syam,5,Terima kasih seabank yang sudah memudahkan saya dalam transaksi ke semua bank tanpa biaya admin tanpa limited transfer ke bank lain,-0.07142857142857142,negatif
2022-05-11 13:10:10,Yhanti Marwa sari,5,hp nya harus bagus minimal ram nya 4gb jk 2gb kaya hp saya lemot nya minta ampun..mudah2an ke depan nya app seabank sama kaya bank lain begitu ringan jk mau trx,-0.1,negatif
2022-05-11 12:29:54,Agnes Setia,4,tambahkan yaa kak reward topup nyaa . terus untuk minimal topup jangan gede2,-0.1,negatif
2022-05-11 08:44:06,Akhmad Mulyadi,5,"Suka,,tanpa minimal saldo,,bunga cair setiap hari...bebas biaya ADM , bebas biaya transfer ke semua bank...mantap",-0.1,negatif
2022-05-11 03:03:32,Gilang Bayu Pranata,5,"mantap nih apk , mana bunga 7% Lagi , plus transfer ke ewallet/rekening gak ada biaya admin , minus nya cuma 1 , gak ada kartu FISIK nya buat di jadiin transaksi di toko offline , kalo ada kartu fisik nya mungkin bakal lebih banyak lagi peminat SEABANK , but overall cukup lah buat transfer tanpa admin",-0.05,negatif
2022-05-10 15:30:37,Masitoh 616,5,"Aplikasi yg sangat berguna dan bermanfaat.ğŸ‘ Saran klo bisa isi pulsa,isi kuota, topup game dan klo ada e-tolmya dan di lengkapi fiktur yg lainya, biar satu aplikasi dll. Harganya bersaing dengan aplikasi yg lainğŸ™ğŸ™ğŸ™",-0.4,negatif
2022-05-10 11:07:14,IMAM MUSLIM,5,Aplikasi yg bermanfaat dan berguna...ğŸ‘ğŸ½ Klo bisa harga pulsa dan kuota dan topup game. dan yg lainya. harganya dpt bersaing dgn aplikasi lain ğŸ™ğŸ™ğŸ™,-0.4,negatif
2022-05-07 11:12:03,Haba Tv,1,Gua dah daftar siebank ngk dapat bonus..kenapa ya :(,-0.75,negatif
2022-04-30 23:27:39,Bumiqur'an Maibit,3,plus minus,-0.1,negatif
2022-04-24 11:48:53,MUHAMMAD FAUZI SADIKIN,1,Saya sangat senang dengan aplikasi ini Dari semua bagus aplikasi lancar pengiriman lancar semua lancar.hanya saja pelayanan nya buruk saya sudah hubungi center pihak seabank atas pembukaan akun yg keblokir lama proses 5hari kerja.dan sudah di 5 hari malah di undur lagi jadi 7hari kerja ini gimana proses nya sudah mengatasinya lama malah di undur lagi parah,-0.1,negatif
2022-04-22 09:35:49,firdaus simatupang,1,"Promo bonus saldo 100k tidak transparan, pasti dipilih random, judulnya aja kuota, teman saya daftarnya belakangan dapat bonus tapi saya tidak. Bilang aja undian ga usah pake embel-embel kuota promo. Sucks",-0.4,negatif
2022-04-15 09:38:01,i nuryanti,1,Eror bikin orang berantem aja. Kalo ada rating minus saya kasih minus!!,-0.128125,negatif
2022-04-15 08:24:20,Yoppy Oplet,1,"very bad application, do not download using this application",-0.9099999999999998,negatif
2022-04-12 22:26:50,Karina Art,1,Verry bad. Di suruh update. Di saat saya lagi mau transaksi. Saat di update gagal terus. Paket ada. Ruang jugak ada. Apa yang salah ğŸ˜Ÿ,-0.6999999999999998,negatif
2022-04-12 01:25:42,Edo Suhada,1,Sering banget minta update. Pas di update malah ga ke install abisin kuota aja. Padahal storage sama signal aman. Bad lah ga recommend,-0.6999999999999998,negatif
2022-04-10 02:49:02,Kasper Liauw,2,"Sebelumnya gak ada pajak bunga, tapi kog sekarang ada pajak bunga lalu di janjiin dapat BONUS EXTRA SALDO 100.000 JIKA NABUNG MINIMAL 500.000 tapi sampai sekarang saya cuma dapat bonus extra saldo 10.000 padahal di awal udah nabung 4.600.000, kog gitu ???",-0.03333333333333333,negatif
2022-04-08 12:26:25,Agusttries Manto,1,Bad,-0.6999999999999998,negatif
2022-04-07 04:17:41,Obbie Fernando,3,"Kenapa hasil print struk Seabank kecil sekali ya, gak kelihatan dibaca kalau matanya minus",-0.1,negatif
2022-04-06 15:44:38,Paul Thomas,2,fake,-0.5,negatif
2022-03-24 17:16:31,Wina Feby,4,"Jujur suka sihh sama Seabank. Isi rekening lewat spay minimal cm 5k, ga mesti bulat gapapa. Cocok bgt buat pelajar yg duit nya recehan kayak aku. ğŸ¥² Saran, tambahin fitur tabungan yg biaa dikelompokin gitu dong.",-0.1,negatif
2022-03-23 12:38:20,Ahmad Supriyadi,4,Kirain langsung dapat Saldo 100rb Ternyata harus nabung dulu minimal 500rb baru langsung dapat tambahan saldo. Hhhmmmm.,-0.1,negatif
2022-03-22 04:44:51,Intan Maulida,1,Gila mau nyurii akun ya tiba2 akun shopee ku keluar sendiri dan tiap log in mental awas ari ati kalian jangan sampai nyuri data pribadi kalian,-0.1,negatif
2022-03-21 04:59:01,Hasya Durratul hikmah,5,"Beneran dapat casback 25.000 buka rekening dari akun shope dan menabung minimal 50.000,...ditgl 18 kemarin masuk casback nyağŸ˜ğŸ˜",-0.1,negatif
2022-03-09 07:38:20,kurnia kurnia,1,"Banyak laporan kurang baik, saya gak jadi download saya hapus lagi aja deh sorry ya",-0.5,negatif
2022-02-28 11:09:43,AZIZAh SALSA NABILA,5,"Suka bgt sama seabank karena tidak ada biaya admin transfer kemanapun, tapi biasanya suka eror:(",-0.75,negatif
2022-02-24 04:03:32,Pengguna Google,1,"Saya anjurkan untuk sangat ber hati2 men download app dan membuka rekening di bank ini, karena sistemnya sering error dan kita tidak dapat meng akses rekening kita. Malah di suruh menunggu menunggu terus oleh custemer care. Sepertinya mereka juga masih coba2 dengan sistem dan app. Dan tidak tahu solusinya bila ada trouble di app nya. Hati2 dana di rekening kita malah bisa hilang. OJK dan Bank indonesia seharusnya mengawasi malah menutup bank digital yg seperti ini.",-0.1,negatif
2022-02-16 15:58:40,Lina Mariani,4,Mau coba pke seabank tp tkt sprti yg lain nya..bilng akun ny di blok tnpa ad alsan Duh dilemaa nihğŸ˜,-0.3,negatif
2022-02-13 16:13:20,baktiar santoso,1,"Akun saya di blok ajing..gw tf lewat aplikasi ini udh ada nota pembayaran masuk tpi uangnya gk masuk ke Rekeningnya....saran gw jangan pernah download aplikasi sini,gw habis kehilangan uang banyak di aplikasi babi ini....saran gw jangan pernah tf pakek aplikasi ini... Itu cuma saran.. Sorry kata kata gw kasar,solanya gw udh kehilangan jutan di aplikasi ini udh saya hubungi jg CSnya tpi gk ada pergerakan sama CSnya... aplikasi penipuan!!!!!!!",-1.0,negatif
2022-02-11 09:13:22,Nasuri Aza,5,"Maf seabak, to long data Saya di hapus ya, mama Saya nature, karma mau di uwistal. Makasi",-0.05,negatif
2022-02-06 04:49:30,Argasr27,2,Kenapa saya daftar beberapa kali selalu gagal dan ada pemberitahun tidak bisa buka rekening untuk nasabah malah hub call center,-0.1,negatif
2022-02-05 19:09:12,Sherly Varlynika,1,Saya sangat menyukai game yg bersifat publik dan nyaman untuk di main kn oleh org penguna,-0.11666666666666668,negatif
2022-02-05 01:40:51,Mona Agustini,1,No good,-0.35,negatif
2022-02-04 03:52:45,Yisaka Net,1,"Customer service terburuk. Customer servicenya susah di hubungi ,nomer sibuk nomer sibuk apalah ,Bayangin kalau trouble pas urgent .",-0.2,negatif
2022-02-04 03:13:27,HOBBY iwak reek,1,Ini baru penipu. Katanya tranfer non minimal. Terus kalo buat bayar di aplikasih lain gk bisa jangan masukin uwang di sini,-0.1,negatif
2022-01-22 09:43:00,Ruben Newjr.,5,Mantap sih cuma gak ada kartu debutnya :(,-0.75,negatif
2022-01-21 09:53:18,ardi anto,5,"Sangat rekomendasikan karena saya sering bertransaksi melalui sea bank Transaksi transfer ke rekening lain atau beda bank sangat mudah dan cepat serta praktis tidak ribet Dan yang paling penting "" GRATIS "" ğŸ˜ TRANSAKSI TRANSFER KE ewallet juga mudah tanpa biaya sepeserpun ğŸ¤­ Jos gandos Tapi ada yang kurang Untuk pembelian/pembayaran tagihan listrik PLN serta BPJS belum tersedia Serta voucher game online Yang lain overall TKS sea bank",-0.2,negatif
2022-01-20 17:41:56,Wigena Hidayat,5,"sejauh ini masih oke, sangat terbantu, meskipun gabisa tarik tunai karena belum ada kartu atmnya, tapi simpan keuangan bener-bener tenang, karena perbulannya belum ada potongan. semoga cepat terrealisasi menjadi bank conventional.",-0.14285714285714285,negatif
2021-12-30 13:36:05,Latif Rizki,5,"Aplikasi bagus tambah sukses,dan berkualitas ,berikan pelayanan terbaik dan promosi, dan bonus lain nya dan game ,biar menarik,ada kode undang",-0.4,negatif
2021-12-19 12:31:36,Surya wisesa,3,belum down load,-0.15555555555555559,negatif
2021-12-14 07:06:28,Almira Komaru,5,"Aku tu paling ga suka dibohongi, katanya kalau isi saldo minimal 200rb akan dapat cashback 50rb ,, nyata nya zonk",-0.1,negatif
2021-12-14 03:22:24,Hey Laila,1,PHP bgt katanya dapet bonus saldo. Pas udah daftar dan ngisi saldo malah gak dapet. BEDA KAYAK APK SEBELAH GAK PHP. SEMUA BISA DAPET. Gausah nyuruh daftar kalo ternyata dapet bonusnya random begini ğŸ¤£ğŸ¤£ğŸ¤£ğŸ¤£,-0.5,negatif
2021-12-13 17:42:27,Jiro Horikoshi,3,Kemaren saya coba TF uang ke rek ini. Tapi uang nya gak masuk. Di rek pengirim udah sukses tapi di Rek ini gak masuk. Saya udah coba hubungi pihak bank tapi masalah tidak selesai. Admin pusat bantuan nya kayak orang idiot ketika di tanya. jawab nya muter-miter gak jelas. Malah di suruh nelpon kantor pusat. Apa guananya pusat bantuan jika masih harus menghubungi kantor pusat??. Nelpon kan butuh biaya yg besar. jadi rugi dong uang yg hilang Rp. 112rb habis pulsa beratus-ratus ribu.,-0.8,negatif
2021-12-07 02:13:14,pet dynasty,1,"Sejak shopee akuisisi seabank pencairan untuk bank lain delay, ngaretnya parah bgt, BCA 1-3 jam ini lbh dari 20jam lbh & complain kecustomer service pun tdk ada perubahan, seakan seller dipaksa untuk jadi nasabah seabank, disini byk yg complaint soal aplikasi & pelayanan seabank jd ragu jg kan, mending bertahan dgn bank sdh terpercaya deh, klo msh dipersulit pencairan... Uninstall aplikasi",-0.3,negatif
2021-12-02 12:54:47,ALDI,3,"Ada pembaruan kah dengan seabank, saya siang transaksi gagal masukin pin nya salah jadi keblokirr:( , sampe skrg blm bisa min?:(",-0.75,negatif
2021-12-01 22:47:58,Desy Trihapsari,4,"Lumayan sih dapat bunga 7% perhari, tapi dapat notifikasi katanya dapat saldo s/d 100.000 sampai sekarang belum dapat,, padahal sudah nabung minimal 500rb katanya dapat saldo shopeepay. Download sea Bank karna promo di shopee setelah 7 hari dapat saldo shopeepay, setelah dapat notifikasi akan dapat saldo shopeepay tapi sampai sekarang blm ada..",-0.1,negatif
2021-12-01 10:37:55,priska marpaung,1,Customer Service sama sekali tidaaaaaaaakkk ramah. Dan sangat sulit menghubungi ke call center,-0.1,negatif
2021-12-01 02:03:24,raka iqbal zaesa,1,"Selamat pagi. Saya kecewa dengan seabank, naasabah SeaBank atas nama Raka Iqbal Zaesa. Memang saya lupa pin aman karna saya lupa pin saya, tapi kenapa kode Verifikasi nya tidak ada di email? Saya sudah cek berkala namun tidak ada sama sekali. Saat saya log in, kenapa kode Verifikasi saya di blokir? Apa yang sebenarnya terjadi? Apa salah saya? Saya tlp ke csselalu sibuk, SLOW RESPON. MOHON DI BANTU, Terimakasih",-0.30000000000000004,negatif
2021-11-27 08:21:46,Elok Aprila Alifiani,5,"Kirim tf nya cepet itungan detik, bebas biaya tf max 10k.. cuman pernah akun tiba"" ke blok gabisa dibuka, semoga ga keulang lagi ya. Sekali masih dimaklum, kalo kejadian lagi takut bikin kapok, soalnya kan ini uang, nyarinya susah:( aplikasinya bagus mudah dipahami. Thank you seabank",-0.75,negatif
2021-11-25 01:50:57,Yogayes_Official,1,1. sulit masuk karena jaringan (padahal jaringan bagus) mana ada duit nya lagi.. malah gabisa masuk 2. cs slow respon,-0.30000000000000004,negatif
2021-11-21 01:47:25,Muhammad Akhlul azzikra,4,Saya harap bank ini bisa untuk pelajar juga:(,-0.75,negatif
2021-11-18 08:55:03,VR9-SPORT INDONESIA,1,"baru coba ,masukin saldo ada tulisan keterangan saldo masuk secara ( realtime ) pakek kurung lagi ,tp nyatanya apa malah pending ğŸ˜‚ duh sedih akutuu di awal aja udah bikin kesel ,,pie tooo kiiii",-0.3,negatif
2021-11-17 17:17:18,ihsan ujang,1,Ngebenrin banya ngomong habis pulsa 35 mere saldomah,-0.5,negatif
2021-11-17 03:42:03,Ginda Trisna Aditya,1,"harus isi saldo minimal 500 agar dapat saldo shoopepay , dan proses pencairan 7 hari hmm.",-0.1,negatif
2021-11-09 04:19:16,Arya Nabila Rifky,5,"Bagus, sudah coba 1 bulan tidak ada masalah. 1 hal yang kalian tidak tahu : kalau isi ovo di seabank bisa 10 ribu sedangkan dibank lain isi ovo minimal 20 ribu. Dan berguna banget untuk yang sering transfer bisa menghemat banyak banget .",-0.1,negatif
2021-11-02 16:56:51,Hanafi Serdadu,1,"Aplikasi macam penipu, janjimu janji palsu, minimal isi saldo 200rb dapat koin 50rb, nyatanya sampai sekarang saya belum mendapatkan koin nya juga, mantap dah nih aplikasi PHP",-0.1,negatif
2021-11-02 10:40:30,Odette SP,1,"GABISA LOGIN WKWK PADAHAL PASSWORD DAN SECURE PIN UDAH BENER TP MALAH SEOLAH SALAH DAN SKRG AKUN DIBLOK, DUIT 15JT MASIH KETAHAN. VERRY BAD SERVICE!!!!",-0.3,negatif
2021-11-02 07:18:33,Kedai Podjok,1,Nyesal banget download nyimpen disini. Rekening diblokir password ga salah. Abis pulsa nelpon call center. Emang kurang ajar ni app.,-0.1,negatif
2021-11-02 04:44:32,Pengembara Lalin,1,"Habis isi data trus konfirmasi data KTP lewat video call,,, trus habis itu tunggu 1x24jam untuk hasilnya Pas udh 1hari mo login notifnya hub call center Awas kalau sampai data saya disalahgunakan",-0.1,negatif
2021-11-02 04:42:13,Adik Tri Setiyawan,1,"Katanya dapet 50rb koin shopee dengan saldo minimal sekian, tapi kok gak dapet2 terus kirim ke dana gak bisa..mana janji manismu",-0.1,negatif
2021-11-02 02:50:01,tri agung,1,"Jgan daftar dengan tergiur promo bunga 7%, gara2 saya ter giur tanpa memikirkan tingkat keamanan dan pengalaman seabank, sekarang akun saya terblokir tanpa solusi Customer nya sangat slow respon, pulsa saya habis hanya bwat nunggu pengecekan data hampir 15mnit dan blm selesai, say pengguna bnyak apps bank digital baru kali in merasa kecewa dan sangat tidak rekomended",-0.15000000000000002,negatif
2021-10-31 04:23:56,H&Co Store,5,Sejauh ini masih dbantu klo lg trouble... makasiih ya,-0.2,negatif
2021-10-17 23:54:38,vidio techno,3,Secara keseluruhan si bagus... Tapi ada banyak fitur yang kurang dr seabank ini.. 1. Belum ada fitur tarik tunai di atm Bersama tanpa kartu atm (kalau nanti ada harga nya di bawah 5 rb/tarik agar lebih murah dr yg lain) 2. Tidak ada tampilan dark mode 3. Tidak ada fitur chat antar sesama pengguna 4. Tidak ada fitur dobel rekening untuk membagi dana tabungan dan dana bisnis 5. Tidak ada misi absen untuk menambah simpati nasabah,-0.15,negatif
2021-10-15 06:30:28,Satrio Pamungkas,5,"Sangat membantu apk nya, ketika lupa pin dan passwod , call center custumer servis sangat ramah dalm membantu pembukuan dan di call ketika pulsa sy habis, terima kasih sea bank.",-0.1,negatif
2021-10-14 19:25:04,Dacep Abdul Halim,5,"mantabb bunga simpanan tahunan 7% semoga di perpanjang lagi tak hanya sampai bulan desember 2021, Masukan/saran : adain kartu debit fisik dan virtual , itu sangat di butuhkan di era digital,. minimal ada kartu debit virtual biar lebih MAntaBbb",-0.05,negatif
2021-10-14 08:24:04,alfy klinik,1,Aplikasi saya tiba2 tidak bisa diakses Bolak balik instal ulang gak bisa Kenapa ya Telfon call center lama tidak terhubung dg cs nya,-0.1,negatif
2021-10-07 17:26:49,Anik Anik,1,"Udah masuk pakai akun shopee udah pertahankan saldo sampai batas waktu ditentukan,gak dapat koin,kecewa...padahal yg lain udah dapat Coba hubungi CS padahal udah antrin nomer 1 ehhh malah Cs not available dan malah antri lagi",-0.2,negatif
2021-10-05 23:15:15,ram cell955,1,Aku baru ada info seabank langsung download dan nabung 1jt katanya minimal 200 ribu dapat koin antara 50 sampai 200 koin shopee tapi saya gak beruntung ikut even apa saja di shopee zonk semua,-0.1,negatif
2021-10-01 03:14:56,Defri Riza,1,"Aplikasi sama sekali tidak bisa digunakan (nutup sendiri) karena smartphone rooting. Seharusnya ada pemberitahuan di deskripsinya khusus non root. Niatnya mau main game sombong yang maunya jalan di smartphone khusus (Tegra). Ternyata drivernya gak bisa diinstal. Kalau tau begini smartphone gak saya rooting. TT Smartphone sudah unroot. Aplikasi SeaBank udah jalan. Tapi sering muncul notif ""tidak untuk smartphone rooting"" yang cukup mengganggu.",-0.11666666666666668,negatif
2021-09-23 08:33:29,Ari Kurniasih,1,:'(,-1.0,negatif
2021-09-06 04:21:31,LUCKY LUCK,5,SAYA SEDANG MAU COBA KL SULIT PAKAI ONLINE BAGAIMANA?MENDING LANGSUNG KE BANK NYA SAJA ALAMATNYA DIMANA MAIN GAME SAJA STRESS APALAGI BANK....JG BANYAK DATA BOCOR YA???,-0.11666666666666668,negatif
2021-09-03 07:47:48,Papah Levy,1,"Mungkin karena bank milik shopi ini masih baru, jadi performanya buruk, masih prlu upgrade dan hal2 yang membangun, untk daftar saja ribet persyaratan, call center telan pulsa hampir 40ribu, belajar dari BCA yg buka rek obline mudah dan gampang semoga kdepan jdi lebih baik dan mempermudah pgguna shopee perbaiki dulu minn",-0.1,negatif
2021-08-26 04:12:24,Dodik Prasetiyo,5,Tambahin fitur bukti transfer yang valid. Minimal seperti di mitra shoope. Simple,-0.05,negatif
2021-08-18 14:31:44,Syaza Aulia,3,ga ada debit card nya. bagai sayur tanpa garam. harus nya ada debit card nya minimal.,-0.1,negatif
